site,date,scientific_name,count,lat,lon,zone,mean_temperature,mean_salinity,mean_turbidity
lower_ross,2026-05-01,Acanthopagrus spp.,4,-19.26,146.81,Downstream,23.79136504946197,28.352806027266535,27.907401230426903
lower_ross,2026-05-01,Lates calcarifer,6,-19.26,146.81,Downstream,23.79136504946197,28.352806027266535,27.907401230426903
lower_ross,2026-05-01,Lutjanus argentimaculatus,3,-19.26,146.81,Downstream,23.79136504946197,28.352806027266535,27.907401230426903
lower_ross,2026-05-01,Platycephalus spp.,2,-19.26,146.81,Downstream,23.79136504946197,28.352806027266535,27.907401230426903
mid_ross,2026-05-01,Acanthopagrus spp.,2,-19.28,146.78,Middle,24.225220695949808,14.910436325269885,25.88716508270717
mid_ross,2026-05-01,Lates calcarifer,4,-19.28,146.78,Middle,24.225220695949808,14.910436325269885,25.88716508270717
mid_ross,2026-05-01,Lutjanus argentimaculatus,2,-19.28,146.78,Middle,24.225220695949808,14.910436325269885,25.88716508270717
mid_ross,2026-05-01,Platycephalus spp.,3,-19.28,146.78,Middle,24.225220695949808,14.910436325269885,25.88716508270717
ross_mouth,2026-05-01,Acanthopagrus spp.,0,-19.25,146.83,Marine,24.111775224914243,34.08698082671796,27.91213219290379
ross_mouth,2026-05-01,Lates calcarifer,3,-19.25,146.83,Marine,24.111775224914243,34.08698082671796,27.91213219290379
ross_mouth,2026-05-01,Lutjanus argentimaculatus,2,-19.25,146.83,Marine,24.111775224914243,34.08698082671796,27.91213219290379
ross_mouth,2026-05-01,Platycephalus spp.,9,-19.25,146.83,Marine,24.111775224914243,34.08698082671796,27.91213219290379
upper_ross,2026-05-01,Acanthopagrus spp.,2,-19.31,146.74,Upstream,24.05739389768456,4.88362949760377,24.672178468217368
upper_ross,2026-05-01,Lates calcarifer,5,-19.31,146.74,Upstream,24.05739389768456,4.88362949760377,24.672178468217368
upper_ross,2026-05-01,Lutjanus argentimaculatus,0,-19.31,146.74,Upstream,24.05739389768456,4.88362949760377,24.672178468217368
upper_ross,2026-05-01,Platycephalus spp.,6,-19.31,146.74,Upstream,24.05739389768456,4.88362949760377,24.672178468217368
lower_ross,2026-05-02,Acanthopagrus spp.,3,-19.26,146.81,Downstream,23.98099216983851,27.741220418886996,24.097998126577686
lower_ross,2026-05-02,Lates calcarifer,1,-19.26,146.81,Downstream,23.98099216983851,27.741220418886996,24.097998126577686
lower_ross,2026-05-02,Lutjanus argentimaculatus,1,-19.26,146.81,Downstream,23.98099216983851,27.741220418886996,24.097998126577686
lower_ross,2026-05-02,Platycephalus spp.,3,-19.26,146.81,Downstream,23.98099216983851,27.741220418886996,24.097998126577686
mid_ross,2026-05-02,Acanthopagrus spp.,2,-19.28,146.78,Middle,23.977502022637854,14.861152396032598,25.91668921839804
mid_ross,2026-05-02,Lates calcarifer,0,-19.28,146.78,Middle,23.977502022637854,14.861152396032598,25.91668921839804
mid_ross,2026-05-02,Lutjanus argentimaculatus,1,-19.28,146.78,Middle,23.977502022637854,14.861152396032598,25.91668921839804
mid_ross,2026-05-02,Platycephalus spp.,3,-19.28,146.78,Middle,23.977502022637854,14.861152396032598,25.91668921839804
ross_mouth,2026-05-02,Acanthopagrus spp.,3,-19.25,146.83,Marine,24.0143105931326,33.82737364844482,27.53917698988348
ross_mouth,2026-05-02,Lates calcarifer,0,-19.25,146.83,Marine,24.0143105931326,33.82737364844482,27.53917698988348
ross_mouth,2026-05-02,Lutjanus argentimaculatus,1,-19.25,146.83,Marine,24.0143105931326,33.82737364844482,27.53917698988348
ross_mouth,2026-05-02,Platycephalus spp.,4,-19.25,146.83,Marine,24.0143105931326,33.82737364844482,27.53917698988348
upper_ross,2026-05-02,Acanthopagrus spp.,2,-19.31,146.74,Upstream,23.921000592366777,4.9073391784607825,25.10221127028434
upper_ross,2026-05-02,Lates calcarifer,8,-19.31,146.74,Upstream,23.921000592366777,4.9073391784607825,25.10221127028434
upper_ross,2026-05-02,Lutjanus argentimaculatus,1,-19.31,146.74,Upstream,23.921000592366777,4.9073391784607825,25.10221127028434
upper_ross,2026-05-02,Platycephalus spp.,4,-19.31,146.74,Upstream,23.921000592366777,4.9073391784607825,25.10221127028434
lower_ross,2026-05-03,Acanthopagrus spp.,0,-19.26,146.81,Downstream,24.171595896529613,28.058155460002077,20.56528852190464
lower_ross,2026-05-03,Lates calcarifer,0,-19.26,146.81,Downstream,24.171595896529613,28.058155460002077,20.56528852190464
lower_ross,2026-05-03,Lutjanus argentimaculatus,2,-19.26,146.81,Downstream,24.171595896529613,28.058155460002077,20.56528852190464
lower_ross,2026-05-03,Platycephalus spp.,3,-19.26,146.81,Downstream,24.171595896529613,28.058155460002077,20.56528852190464
mid_ross,2026-05-03,Acanthopagrus spp.,1,-19.28,146.78,Middle,23.97181604013466,15.045618529424154,27.53508937542712
mid_ross,2026-05-03,Lates calcarifer,3,-19.28,146.78,Middle,23.97181604013466,15.045618529424154,27.53508937542712
mid_ross,2026-05-03,Lutjanus argentimaculatus,2,-19.28,146.78,Middle,23.97181604013466,15.045618529424154,27.53508937542712
mid_ross,2026-05-03,Platycephalus spp.,0,-19.28,146.78,Middle,23.97181604013466,15.045618529424154,27.53508937542712
ross_mouth,2026-05-03,Acanthopagrus spp.,2,-19.25,146.83,Marine,23.96078937358929,33.90456148612615,25.778079611582584
ross_mouth,2026-05-03,Lates calcarifer,1,-19.25,146.83,Marine,23.96078937358929,33.90456148612615,25.778079611582584
ross_mouth,2026-05-03,Lutjanus argentimaculatus,1,-19.25,146.83,Marine,23.96078937358929,33.90456148612615,25.778079611582584
ross_mouth,2026-05-03,Platycephalus spp.,7,-19.25,146.83,Marine,23.96078937358929,33.90456148612615,25.778079611582584
upper_ross,2026-05-03,Acanthopagrus spp.,2,-19.31,146.74,Upstream,23.86275587153061,4.986486670191827,26.32715167374392
upper_ross,2026-05-03,Lates calcarifer,4,-19.31,146.74,Upstream,23.86275587153061,4.986486670191827,26.32715167374392
upper_ross,2026-05-03,Lutjanus argentimaculatus,0,-19.31,146.74,Upstream,23.86275587153061,4.986486670191827,26.32715167374392
upper_ross,2026-05-03,Platycephalus spp.,0,-19.31,146.74,Upstream,23.86275587153061,4.986486670191827,26.32715167374392
lower_ross,2026-05-04,Acanthopagrus spp.,4,-19.26,146.81,Downstream,24.012069097843682,28.226922740328284,28.361583570737597
lower_ross,2026-05-04,Lates calcarifer,1,-19.26,146.81,Downstream,24.012069097843682,28.226922740328284,28.361583570737597
lower_ross,2026-05-04,Lutjanus argentimaculatus,8,-19.26,146.81,Downstream,24.012069097843682,28.226922740328284,28.361583570737597
lower_ross,2026-05-04,Platycephalus spp.,1,-19.26,146.81,Downstream,24.012069097843682,28.226922740328284,28.361583570737597
mid_ross,2026-05-04,Acanthopagrus spp.,1,-19.28,146.78,Middle,24.134712904419608,15.587256960132589,25.657518953478966
mid_ross,2026-05-04,Lates calcarifer,5,-19.28,146.78,Middle,24.134712904419608,15.587256960132589,25.657518953478966
mid_ross,2026-05-04,Lutjanus argentimaculatus,1,-19.28,146.78,Middle,24.134712904419608,15.587256960132589,25.657518953478966
mid_ross,2026-05-04,Platycephalus spp.,2,-19.28,146.78,Middle,24.134712904419608,15.587256960132589,25.657518953478966
ross_mouth,2026-05-04,Acanthopagrus spp.,1,-19.25,146.83,Marine,24.017288916943965,34.188275997421194,22.783933828932845
ross_mouth,2026-05-04,Lates calcarifer,2,-19.25,146.83,Marine,24.017288916943965,34.188275997421194,22.783933828932845
ross_mouth,2026-05-04,Lutjanus argentimaculatus,2,-19.25,146.83,Marine,24.017288916943965,34.188275997421194,22.783933828932845
ross_mouth,2026-05-04,Platycephalus spp.,6,-19.25,146.83,Marine,24.017288916943965,34.188275997421194,22.783933828932845
upper_ross,2026-05-04,Acanthopagrus spp.,2,-19.31,146.74,Upstream,23.91530170907627,4.653833368467849,25.805069199064746
upper_ross,2026-05-04,Lates calcarifer,5,-19.31,146.74,Upstream,23.91530170907627,4.653833368467849,25.805069199064746
upper_ross,2026-05-04,Lutjanus argentimaculatus,3,-19.31,146.74,Upstream,23.91530170907627,4.653833368467849,25.805069199064746
upper_ross,2026-05-04,Platycephalus spp.,0,-19.31,146.74,Upstream,23.91530170907627,4.653833368467849,25.805069199064746
lower_ross,2026-05-05,Acanthopagrus spp.,1,-19.26,146.81,Downstream,23.895427491354866,27.642294803984715,26.73580277028684
lower_ross,2026-05-05,Lates calcarifer,1,-19.26,146.81,Downstream,23.895427491354866,27.642294803984715,26.73580277028684
lower_ross,2026-05-05,Lutjanus argentimaculatus,2,-19.26,146.81,Downstream,23.895427491354866,27.642294803984715,26.73580277028684
lower_ross,2026-05-05,Platycephalus spp.,2,-19.26,146.81,Downstream,23.895427491354866,27.642294803984715,26.73580277028684
mid_ross,2026-05-05,Acanthopagrus spp.,3,-19.28,146.78,Middle,23.839262951137307,15.006174764709199,24.424515340327183
mid_ross,2026-05-05,Lates calcarifer,1,-19.28,146.78,Middle,23.839262951137307,15.006174764709199,24.424515340327183
mid_ross,2026-05-05,Lutjanus argentimaculatus,1,-19.28,146.78,Middle,23.839262951137307,15.006174764709199,24.424515340327183
mid_ross,2026-05-05,Platycephalus spp.,1,-19.28,146.78,Middle,23.839262951137307,15.006174764709199,24.424515340327183
ross_mouth,2026-05-05,Acanthopagrus spp.,1,-19.25,146.83,Marine,23.81659848778806,34.05924002860217,26.28476736148216
ross_mouth,2026-05-05,Lates calcarifer,1,-19.25,146.83,Marine,23.81659848778806,34.05924002860217,26.28476736148216
ross_mouth,2026-05-05,Lutjanus argentimaculatus,0,-19.25,146.83,Marine,23.81659848778806,34.05924002860217,26.28476736148216
ross_mouth,2026-05-05,Platycephalus spp.,7,-19.25,146.83,Marine,23.81659848778806,34.05924002860217,26.28476736148216
upper_ross,2026-05-05,Acanthopagrus spp.,2,-19.31,146.74,Upstream,24.159606273193866,4.829626146286956,25.32492275495191
upper_ross,2026-05-05,Lates calcarifer,6,-19.31,146.74,Upstream,24.159606273193866,4.829626146286956,25.32492275495191
upper_ross,2026-05-05,Lutjanus argentimaculatus,2,-19.31,146.74,Upstream,24.159606273193866,4.829626146286956,25.32492275495191
upper_ross,2026-05-05,Platycephalus spp.,0,-19.31,146.74,Upstream,24.159606273193866,4.829626146286956,25.32492275495191
lower_ross,2026-05-06,Acanthopagrus spp.,2,-19.26,146.81,Downstream,23.993539994090387,28.17765868428939,24.027259299901072
lower_ross,2026-05-06,Lates calcarifer,4,-19.26,146.81,Downstream,23.993539994090387,28.17765868428939,24.027259299901072
lower_ross,2026-05-06,Lutjanus argentimaculatus,2,-19.26,146.81,Downstream,23.993539994090387,28.17765868428939,24.027259299901072
lower_ross,2026-05-06,Platycephalus spp.,3,-19.26,146.81,Downstream,23.993539994090387,28.17765868428939,24.027259299901072
mid_ross,2026-05-06,Acanthopagrus spp.,2,-19.28,146.78,Middle,23.93323067671643,14.701228413431634,26.53830900741741
mid_ross,2026-05-06,Lates calcarifer,4,-19.28,146.78,Middle,23.93323067671643,14.701228413431634,26.53830900741741
mid_ross,2026-05-06,Lutjanus argentimaculatus,2,-19.28,146.78,Middle,23.93323067671643,14.701228413431634,26.53830900741741
mid_ross,2026-05-06,Platycephalus spp.,2,-19.28,146.78,Middle,23.93323067671643,14.701228413431634,26.53830900741741
ross_mouth,2026-05-06,Acanthopagrus spp.,1,-19.25,146.83,Marine,23.91571091948713,33.92384504870752,26.09291180780229
ross_mouth,2026-05-06,Lates calcarifer,1,-19.25,146.83,Marine,23.91571091948713,33.92384504870752,26.09291180780229
ross_mouth,2026-05-06,Lutjanus argentimaculatus,1,-19.25,146.83,Marine,23.91571091948713,33.92384504870752,26.09291180780229
ross_mouth,2026-05-06,Platycephalus spp.,6,-19.25,146.83,Marine,23.91571091948713,33.92384504870752,26.09291180780229
upper_ross,2026-05-06,Acanthopagrus spp.,2,-19.31,146.74,Upstream,23.9716615259673,5.25531137278478,27.02165670660527
upper_ross,2026-05-06,Lates calcarifer,7,-19.31,146.74,Upstream,23.9716615259673,5.25531137278478,27.02165670660527
upper_ross,2026-05-06,Lutjanus argentimaculatus,3,-19.31,146.74,Upstream,23.9716615259673,5.25531137278478,27.02165670660527
upper_ross,2026-05-06,Platycephalus spp.,2,-19.31,146.74,Upstream,23.9716615259673,5.25531137278478,27.02165670660527
lower_ross,2026-05-07,Acanthopagrus spp.,2,-19.26,146.81,Downstream,23.990107879945302,27.563433573467663,25.12508588395608
lower_ross,2026-05-07,Lates calcarifer,1,-19.26,146.81,Downstream,23.990107879945302,27.563433573467663,25.12508588395608
lower_ross,2026-05-07,Lutjanus argentimaculatus,1,-19.26,146.81,Downstream,23.990107879945302,27.563433573467663,25.12508588395608
lower_ross,2026-05-07,Platycephalus spp.,1,-19.26,146.81,Downstream,23.990107879945302,27.563433573467663,25.12508588395608
mid_ross,2026-05-07,Acanthopagrus spp.,4,-19.28,146.78,Middle,24.213599954699568,14.760380015690885,26.224134417214934
mid_ross,2026-05-07,Lates calcarifer,1,-19.28,146.78,Middle,24.213599954699568,14.760380015690885,26.224134417214934
mid_ross,2026-05-07,Lutjanus argentimaculatus,2,-19.28,146.78,Middle,24.213599954699568,14.760380015690885,26.224134417214934
mid_ross,2026-05-07,Platycephalus spp.,4,-19.28,146.78,Middle,24.213599954699568,14.760380015690885,26.224134417214934
ross_mouth,2026-05-07,Acanthopagrus spp.,3,-19.25,146.83,Marine,23.998850574572,33.834715300969926,23.056164268225146
ross_mouth,2026-05-07,Lates calcarifer,1,-19.25,146.83,Marine,23.998850574572,33.834715300969926,23.056164268225146
ross_mouth,2026-05-07,Lutjanus argentimaculatus,2,-19.25,146.83,Marine,23.998850574572,33.834715300969926,23.056164268225146
ross_mouth,2026-05-07,Platycephalus spp.,6,-19.25,146.83,Marine,23.998850574572,33.834715300969926,23.056164268225146
upper_ross,2026-05-07,Acanthopagrus spp.,5,-19.31,146.74,Upstream,23.690835141798875,4.7848989795968935,25.12350641343639
upper_ross,2026-05-07,Lates calcarifer,4,-19.31,146.74,Upstream,23.690835141798875,4.7848989795968935,25.12350641343639
upper_ross,2026-05-07,Lutjanus argentimaculatus,1,-19.31,146.74,Upstream,23.690835141798875,4.7848989795968935,25.12350641343639
upper_ross,2026-05-07,Platycephalus spp.,5,-19.31,146.74,Upstream,23.690835141798875,4.7848989795968935,25.12350641343639
lower_ross,2026-05-08,Acanthopagrus spp.,3,-19.26,146.81,Downstream,24.025633778695813,27.981765193742316,25.89848706556156
lower_ross,2026-05-08,Lates calcarifer,2,-19.26,146.81,Downstream,24.025633778695813,27.981765193742316,25.89848706556156
lower_ross,2026-05-08,Lutjanus argentimaculatus,0,-19.26,146.81,Downstream,24.025633778695813,27.981765193742316,25.89848706556156
lower_ross,2026-05-08,Platycephalus spp.,2,-19.26,146.81,Downstream,24.025633778695813,27.981765193742316,25.89848706556156
mid_ross,2026-05-08,Acanthopagrus spp.,1,-19.28,146.78,Middle,23.932199493309643,14.230540422895057,24.74529023666142
mid_ross,2026-05-08,Lates calcarifer,2,-19.28,146.78,Middle,23.932199493309643,14.230540422895057,24.74529023666142
mid_ross,2026-05-08,Lutjanus argentimaculatus,4,-19.28,146.78,Middle,23.932199493309643,14.230540422895057,24.74529023666142
mid_ross,2026-05-08,Platycephalus spp.,3,-19.28,146.78,Middle,23.932199493309643,14.230540422895057,24.74529023666142
ross_mouth,2026-05-08,Acanthopagrus spp.,1,-19.25,146.83,Marine,24.257349407129567,34.018682953654285,26.57088280653166
ross_mouth,2026-05-08,Lates calcarifer,1,-19.25,146.83,Marine,24.257349407129567,34.018682953654285,26.57088280653166
ross_mouth,2026-05-08,Lutjanus argentimaculatus,2,-19.25,146.83,Marine,24.257349407129567,34.018682953654285,26.57088280653166
ross_mouth,2026-05-08,Platycephalus spp.,5,-19.25,146.83,Marine,24.257349407129567,34.018682953654285,26.57088280653166
upper_ross,2026-05-08,Acanthopagrus spp.,2,-19.31,146.74,Upstream,23.831453586381983,5.003954053091254,23.907360002210638
upper_ross,2026-05-08,Lates calcarifer,4,-19.31,146.74,Upstream,23.831453586381983,5.003954053091254,23.907360002210638
upper_ross,2026-05-08,Lutjanus argentimaculatus,1,-19.31,146.74,Upstream,23.831453586381983,5.003954053091254,23.907360002210638
upper_ross,2026-05-08,Platycephalus spp.,1,-19.31,146.74,Upstream,23.831453586381983,5.003954053091254,23.907360002210638
lower_ross,2026-05-09,Acanthopagrus spp.,0,-19.26,146.81,Downstream,24.01827487939419,27.834216270447538,24.584761925933368
lower_ross,2026-05-09,Lates calcarifer,3,-19.26,146.81,Downstream,24.01827487939419,27.834216270447538,24.584761925933368
lower_ross,2026-05-09,Lutjanus argentimaculatus,1,-19.26,146.81,Downstream,24.01827487939419,27.834216270447538,24.584761925933368
lower_ross,2026-05-09,Platycephalus spp.,1,-19.26,146.81,Downstream,24.01827487939419,27.834216270447538,24.584761925933368
mid_ross,2026-05-09,Acanthopagrus spp.,4,-19.28,146.78,Middle,24.004035696870314,15.047721432418484,24.355487483483255
mid_ross,2026-05-09,Lates calcarifer,1,-19.28,146.78,Middle,24.004035696870314,15.047721432418484,24.355487483483255
mid_ross,2026-05-09,Lutjanus argentimaculatus,2,-19.28,146.78,Middle,24.004035696870314,15.047721432418484,24.355487483483255
mid_ross,2026-05-09,Platycephalus spp.,0,-19.28,146.78,Middle,24.004035696870314,15.047721432418484,24.355487483483255
ross_mouth,2026-05-09,Acanthopagrus spp.,4,-19.25,146.83,Marine,23.713550591216833,33.93157329535426,28.189730452608984
ross_mouth,2026-05-09,Lates calcarifer,1,-19.25,146.83,Marine,23.713550591216833,33.93157329535426,28.189730452608984
ross_mouth,2026-05-09,Lutjanus argentimaculatus,2,-19.25,146.83,Marine,23.713550591216833,33.93157329535426,28.189730452608984
ross_mouth,2026-05-09,Platycephalus spp.,6,-19.25,146.83,Marine,23.713550591216833,33.93157329535426,28.189730452608984
upper_ross,2026-05-09,Acanthopagrus spp.,1,-19.31,146.74,Upstream,24.061422083671015,4.756500426585427,24.46225571722413
upper_ross,2026-05-09,Lates calcarifer,3,-19.31,146.74,Upstream,24.061422083671015,4.756500426585427,24.46225571722413
upper_ross,2026-05-09,Lutjanus argentimaculatus,2,-19.31,146.74,Upstream,24.061422083671015,4.756500426585427,24.46225571722413
upper_ross,2026-05-09,Platycephalus spp.,2,-19.31,146.74,Upstream,24.061422083671015,4.756500426585427,24.46225571722413
lower_ross,2026-05-10,Acanthopagrus spp.,5,-19.26,146.81,Downstream,23.92005585108578,28.128189624555063,26.157868028682117
lower_ross,2026-05-10,Lates calcarifer,0,-19.26,146.81,Downstream,23.92005585108578,28.128189624555063,26.157868028682117
lower_ross,2026-05-10,Lutjanus argentimaculatus,5,-19.26,146.81,Downstream,23.92005585108578,28.128189624555063,26.157868028682117
lower_ross,2026-05-10,Platycephalus spp.,3,-19.26,146.81,Downstream,23.92005585108578,28.128189624555063,26.157868028682117
mid_ross,2026-05-10,Acanthopagrus spp.,2,-19.28,146.78,Middle,23.959741668018836,14.966334578966283,24.33953136475453
mid_ross,2026-05-10,Lates calcarifer,2,-19.28,146.78,Middle,23.959741668018836,14.966334578966283,24.33953136475453
mid_ross,2026-05-10,Lutjanus argentimaculatus,2,-19.28,146.78,Middle,23.959741668018836,14.966334578966283,24.33953136475453
mid_ross,2026-05-10,Platycephalus spp.,4,-19.28,146.78,Middle,23.959741668018836,14.966334578966283,24.33953136475453
ross_mouth,2026-05-10,Acanthopagrus spp.,1,-19.25,146.83,Marine,23.644591909110783,34.07272628849433,24.70278253984781
ross_mouth,2026-05-10,Lates calcarifer,4,-19.25,146.83,Marine,23.644591909110783,34.07272628849433,24.70278253984781
ross_mouth,2026-05-10,Lutjanus argentimaculatus,1,-19.25,146.83,Marine,23.644591909110783,34.07272628849433,24.70278253984781
ross_mouth,2026-05-10,Platycephalus spp.,5,-19.25,146.83,Marine,23.644591909110783,34.07272628849433,24.70278253984781
upper_ross,2026-05-10,Acanthopagrus spp.,4,-19.31,146.74,Upstream,24.142182751697586,4.896169178793564,25.170041726300234
upper_ross,2026-05-10,Lates calcarifer,3,-19.31,146.74,Upstream,24.142182751697586,4.896169178793564,25.170041726300234
upper_ross,2026-05-10,Lutjanus argentimaculatus,3,-19.31,146.74,Upstream,24.142182751697586,4.896169178793564,25.170041726300234
upper_ross,2026-05-10,Platycephalus spp.,1,-19.31,146.74,Upstream,24.142182751697586,4.896169178793564,25.170041726300234
lower_ross,2026-05-11,Acanthopagrus spp.,0,-19.26,146.81,Downstream,23.842215702142,27.7744366360446,25.235996654090147
lower_ross,2026-05-11,Lates calcarifer,2,-19.26,146.81,Downstream,23.842215702142,27.7744366360446,25.235996654090147
lower_ross,2026-05-11,Lutjanus argentimaculatus,4,-19.26,146.81,Downstream,23.842215702142,27.7744366360446,25.235996654090147
lower_ross,2026-05-11,Platycephalus spp.,3,-19.26,146.81,Downstream,23.842215702142,27.7744366360446,25.235996654090147
mid_ross,2026-05-11,Acanthopagrus spp.,4,-19.28,146.78,Middle,24.06565533077728,15.415319821214739,24.506421972754307
mid_ross,2026-05-11,Lates calcarifer,2,-19.28,146.78,Middle,24.06565533077728,15.415319821214739,24.506421972754307
mid_ross,2026-05-11,Lutjanus argentimaculatus,0,-19.28,146.78,Middle,24.06565533077728,15.415319821214739,24.506421972754307
mid_ross,2026-05-11,Platycephalus spp.,1,-19.28,146.78,Middle,24.06565533077728,15.415319821214739,24.506421972754307
ross_mouth,2026-05-11,Acanthopagrus spp.,2,-19.25,146.83,Marine,24.28245659292535,34.249676826420135,26.632791267147148
ross_mouth,2026-05-11,Lates calcarifer,1,-19.25,146.83,Marine,24.28245659292535,34.249676826420135,26.632791267147148
ross_mouth,2026-05-11,Lutjanus argentimaculatus,2,-19.25,146.83,Marine,24.28245659292535,34.249676826420135,26.632791267147148
ross_mouth,2026-05-11,Platycephalus spp.,4,-19.25,146.83,Marine,24.28245659292535,34.249676826420135,26.632791267147148
upper_ross,2026-05-11,Acanthopagrus spp.,5,-19.31,146.74,Upstream,23.93763570447984,4.912673201619338,24.18273546567956
upper_ross,2026-05-11,Lates calcarifer,6,-19.31,146.74,Upstream,23.93763570447984,4.912673201619338,24.18273546567956
upper_ross,2026-05-11,Lutjanus argentimaculatus,4,-19.31,146.74,Upstream,23.93763570447984,4.912673201619338,24.18273546567956
upper_ross,2026-05-11,Platycephalus spp.,2,-19.31,146.74,Upstream,23.93763570447984,4.912673201619338,24.18273546567956
lower_ross,2026-05-12,Acanthopagrus spp.,3,-19.26,146.81,Downstream,23.95661793126447,28.524079593461323,27.328895313660098
lower_ross,2026-05-12,Lates calcarifer,1,-19.26,146.81,Downstream,23.95661793126447,28.524079593461323,27.328895313660098
lower_ross,2026-05-12,Lutjanus argentimaculatus,2,-19.26,146.81,Downstream,23.95661793126447,28.524079593461323,27.328895313660098
lower_ross,2026-05-12,Platycephalus spp.,2,-19.26,146.81,Downstream,23.95661793126447,28.524079593461323,27.328895313660098
mid_ross,2026-05-12,Acanthopagrus spp.,2,-19.28,146.78,Middle,24.02426727043186,15.035548044925136,25.77647711717904
mid_ross,2026-05-12,Lates calcarifer,0,-19.28,146.78,Middle,24.02426727043186,15.035548044925136,25.77647711717904
mid_ross,2026-05-12,Lutjanus argentimaculatus,3,-19.28,146.78,Middle,24.02426727043186,15.035548044925136,25.77647711717904
mid_ross,2026-05-12,Platycephalus spp.,2,-19.28,146.78,Middle,24.02426727043186,15.035548044925136,25.77647711717904
ross_mouth,2026-05-12,Acanthopagrus spp.,2,-19.25,146.83,Marine,23.893202918170076,34.049731987629265,25.475572023829244
ross_mouth,2026-05-12,Lates calcarifer,0,-19.25,146.83,Marine,23.893202918170076,34.049731987629265,25.475572023829244
ross_mouth,2026-05-12,Lutjanus argentimaculatus,0,-19.25,146.83,Marine,23.893202918170076,34.049731987629265,25.475572023829244
ross_mouth,2026-05-12,Platycephalus spp.,6,-19.25,146.83,Marine,23.893202918170076,34.049731987629265,25.475572023829244
upper_ross,2026-05-12,Acanthopagrus spp.,1,-19.31,146.74,Upstream,24.193720661769138,4.835838156334448,25.216948457277738
upper_ross,2026-05-12,Lates calcarifer,7,-19.31,146.74,Upstream,24.193720661769138,4.835838156334448,25.216948457277738
upper_ross,2026-05-12,Lutjanus argentimaculatus,3,-19.31,146.74,Upstream,24.193720661769138,4.835838156334448,25.216948457277738
upper_ross,2026-05-12,Platycephalus spp.,3,-19.31,146.74,Upstream,24.193720661769138,4.835838156334448,25.216948457277738
lower_ross,2026-05-13,Acanthopagrus spp.,1,-19.26,146.81,Downstream,24.06877188616034,27.68330305903476,26.054892646695446
lower_ross,2026-05-13,Lates calcarifer,1,-19.26,146.81,Downstream,24.06877188616034,27.68330305903476,26.054892646695446
lower_ross,2026-05-13,Lutjanus argentimaculatus,2,-19.26,146.81,Downstream,24.06877188616034,27.68330305903476,26.054892646695446
lower_ross,2026-05-13,Platycephalus spp.,3,-19.26,146.81,Downstream,24.06877188616034,27.68330305903476,26.054892646695446
mid_ross,2026-05-13,Acanthopagrus spp.,1,-19.28,146.78,Middle,24.165981227972555,15.208018708475986,26.073642724011073
mid_ross,2026-05-13,Lates calcarifer,1,-19.28,146.78,Middle,24.165981227972555,15.208018708475986,26.073642724011073
mid_ross,2026-05-13,Lutjanus argentimaculatus,3,-19.28,146.78,Middle,24.165981227972555,15.208018708475986,26.073642724011073
mid_ross,2026-05-13,Platycephalus spp.,4,-19.28,146.78,Middle,24.165981227972555,15.208018708475986,26.073642724011073
ross_mouth,2026-05-13,Acanthopagrus spp.,3,-19.25,146.83,Marine,23.997676589266387,34.07694180407664,25.630805814133016
ross_mouth,2026-05-13,Lates calcarifer,1,-19.25,146.83,Marine,23.997676589266387,34.07694180407664,25.630805814133016
ross_mouth,2026-05-13,Lutjanus argentimaculatus,3,-19.25,146.83,Marine,23.997676589266387,34.07694180407664,25.630805814133016
ross_mouth,2026-05-13,Platycephalus spp.,4,-19.25,146.83,Marine,23.997676589266387,34.07694180407664,25.630805814133016
upper_ross,2026-05-13,Acanthopagrus spp.,5,-19.31,146.74,Upstream,23.945044949410274,5.088606927286365,24.404302540192198
upper_ross,2026-05-13,Lates calcarifer,4,-19.31,146.74,Upstream,23.945044949410274,5.088606927286365,24.404302540192198
upper_ross,2026-05-13,Lutjanus argentimaculatus,3,-19.31,146.74,Upstream,23.945044949410274,5.088606927286365,24.404302540192198
upper_ross,2026-05-13,Platycephalus spp.,6,-19.31,146.74,Upstream,23.945044949410274,5.088606927286365,24.404302540192198
lower_ross,2026-05-14,Acanthopagrus spp.,4,-19.26,146.81,Downstream,24.09286838638203,27.876970194980228,21.856779612918753
lower_ross,2026-05-14,Lates calcarifer,4,-19.26,146.81,Downstream,24.09286838638203,27.876970194980228,21.856779612918753
lower_ross,2026-05-14,Lutjanus argentimaculatus,2,-19.26,146.81,Downstream,24.09286838638203,27.876970194980228,21.856779612918753
lower_ross,2026-05-14,Platycephalus spp.,4,-19.26,146.81,Downstream,24.09286838638203,27.876970194980228,21.856779612918753
mid_ross,2026-05-14,Acanthopagrus spp.,5,-19.28,146.78,Middle,23.820059450784242,15.105711772338054,26.302726809633896
mid_ross,2026-05-14,Lates calcarifer,4,-19.28,146.78,Middle,23.820059450784242,15.105711772338054,26.302726809633896
mid_ross,2026-05-14,Lutjanus argentimaculatus,2,-19.28,146.78,Middle,23.820059450784242,15.105711772338054,26.302726809633896
mid_ross,2026-05-14,Platycephalus spp.,2,-19.28,146.78,Middle,23.820059450784242,15.105711772338054,26.302726809633896
ross_mouth,2026-05-14,Acanthopagrus spp.,3,-19.25,146.83,Marine,23.65359366656295,33.977167962096026,25.43891338268495
ross_mouth,2026-05-14,Lates calcarifer,1,-19.25,146.83,Marine,23.65359366656295,33.977167962096026,25.43891338268495
ross_mouth,2026-05-14,Lutjanus argentimaculatus,3,-19.25,146.83,Marine,23.65359366656295,33.977167962096026,25.43891338268495
ross_mouth,2026-05-14,Platycephalus spp.,6,-19.25,146.83,Marine,23.65359366656295,33.977167962096026,25.43891338268495
upper_ross,2026-05-14,Acanthopagrus spp.,3,-19.31,146.74,Upstream,24.1503699794915,4.61878564115621,26.066660079782686
upper_ross,2026-05-14,Lates calcarifer,5,-19.31,146.74,Upstream,24.1503699794915,4.61878564115621,26.066660079782686
upper_ross,2026-05-14,Lutjanus argentimaculatus,2,-19.31,146.74,Upstream,24.1503699794915,4.61878564115621,26.066660079782686
upper_ross,2026-05-14,Platycephalus spp.,4,-19.31,146.74,Upstream,24.1503699794915,4.61878564115621,26.066660079782686
lower_ross,2026-05-15,Acanthopagrus spp.,1,-19.26,146.81,Downstream,23.922994225092886,27.86715586110185,23.27115813167603
lower_ross,2026-05-15,Lates calcarifer,1,-19.26,146.81,Downstream,23.922994225092886,27.86715586110185,23.27115813167603
lower_ross,2026-05-15,Lutjanus argentimaculatus,3,-19.26,146.81,Downstream,23.922994225092886,27.86715586110185,23.27115813167603
lower_ross,2026-05-15,Platycephalus spp.,3,-19.26,146.81,Downstream,23.922994225092886,27.86715586110185,23.27115813167603
mid_ross,2026-05-15,Acanthopagrus spp.,1,-19.28,146.78,Middle,23.838979187999797,14.264804195394598,25.746137070093447
mid_ross,2026-05-15,Lates calcarifer,4,-19.28,146.78,Middle,23.838979187999797,14.264804195394598,25.746137070093447
mid_ross,2026-05-15,Lutjanus argentimaculatus,4,-19.28,146.78,Middle,23.838979187999797,14.264804195394598,25.746137070093447
mid_ross,2026-05-15,Platycephalus spp.,4,-19.28,146.78,Middle,23.838979187999797,14.264804195394598,25.746137070093447
ross_mouth,2026-05-15,Acanthopagrus spp.,1,-19.25,146.83,Marine,23.94972493763403,34.13671563782858,25.051967604479206
ross_mouth,2026-05-15,Lates calcarifer,4,-19.25,146.83,Marine,23.94972493763403,34.13671563782858,25.051967604479206
ross_mouth,2026-05-15,Lutjanus argentimaculatus,0,-19.25,146.83,Marine,23.94972493763403,34.13671563782858,25.051967604479206
ross_mouth,2026-05-15,Platycephalus spp.,6,-19.25,146.83,Marine,23.94972493763403,34.13671563782858,25.051967604479206
upper_ross,2026-05-15,Acanthopagrus spp.,6,-19.31,146.74,Upstream,24.146633207587485,4.919669392413749,27.7161859672962
upper_ross,2026-05-15,Lates calcarifer,4,-19.31,146.74,Upstream,24.146633207587485,4.919669392413749,27.7161859672962
upper_ross,2026-05-15,Lutjanus argentimaculatus,3,-19.31,146.74,Upstream,24.146633207587485,4.919669392413749,27.7161859672962
upper_ross,2026-05-15,Platycephalus spp.,3,-19.31,146.74,Upstream,24.146633207587485,4.919669392413749,27.7161859672962
lower_ross,2026-05-16,Acanthopagrus spp.,1,-19.26,146.81,Downstream,23.994487919540045,28.435777809448908,24.75008843069562
lower_ross,2026-05-16,Lates calcarifer,0,-19.26,146.81,Downstream,23.994487919540045,28.435777809448908,24.75008843069562
lower_ross,2026-05-16,Lutjanus argentimaculatus,0,-19.26,146.81,Downstream,23.994487919540045,28.435777809448908,24.75008843069562
lower_ross,2026-05-16,Platycephalus spp.,0,-19.26,146.81,Downstream,23.994487919540045,28.435777809448908,24.75008843069562
mid_ross,2026-05-16,Acanthopagrus spp.,1,-19.28,146.78,Middle,24.259440770025357,14.95164993105056,27.03294747689253
mid_ross,2026-05-16,Lates calcarifer,2,-19.28,146.78,Middle,24.259440770025357,14.95164993105056,27.03294747689253
mid_ross,2026-05-16,Lutjanus argentimaculatus,3,-19.28,146.78,Middle,24.259440770025357,14.95164993105056,27.03294747689253
mid_ross,2026-05-16,Platycephalus spp.,1,-19.28,146.78,Middle,24.259440770025357,14.95164993105056,27.03294747689253
ross_mouth,2026-05-16,Acanthopagrus spp.,1,-19.25,146.83,Marine,24.088865904974938,34.173973296061185,25.091560577579894
ross_mouth,2026-05-16,Lates calcarifer,1,-19.25,146.83,Marine,24.088865904974938,34.173973296061185,25.091560577579894
ross_mouth,2026-05-16,Lutjanus argentimaculatus,1,-19.25,146.83,Marine,24.088865904974938,34.173973296061185,25.091560577579894
ross_mouth,2026-05-16,Platycephalus spp.,4,-19.25,146.83,Marine,24.088865904974938,34.173973296061185,25.091560577579894
upper_ross,2026-05-16,Acanthopagrus spp.,2,-19.31,146.74,Upstream,23.808030469665727,4.7336331608748266,29.895430914486848
upper_ross,2026-05-16,Lates calcarifer,3,-19.31,146.74,Upstream,23.808030469665727,4.7336331608748266,29.895430914486848
upper_ross,2026-05-16,Lutjanus argentimaculatus,1,-19.31,146.74,Upstream,23.808030469665727,4.7336331608748266,29.895430914486848
upper_ross,2026-05-16,Platycephalus spp.,1,-19.31,146.74,Upstream,23.808030469665727,4.7336331608748266,29.895430914486848
lower_ross,2026-05-17,Acanthopagrus spp.,2,-19.26,146.81,Downstream,23.925658299268143,27.673530206395103,26.98904765500629
lower_ross,2026-05-17,Lates calcarifer,2,-19.26,146.81,Downstream,23.925658299268143,27.673530206395103,26.98904765500629
lower_ross,2026-05-17,Lutjanus argentimaculatus,4,-19.26,146.81,Downstream,23.925658299268143,27.673530206395103,26.98904765500629
lower_ross,2026-05-17,Platycephalus spp.,2,-19.26,146.81,Downstream,23.925658299268143,27.673530206395103,26.98904765500629
mid_ross,2026-05-17,Acanthopagrus spp.,2,-19.28,146.78,Middle,24.171332886794428,14.590073120710644,25.153800552498307
mid_ross,2026-05-17,Lates calcarifer,3,-19.28,146.78,Middle,24.171332886794428,14.590073120710644,25.153800552498307
mid_ross,2026-05-17,Lutjanus argentimaculatus,2,-19.28,146.78,Middle,24.171332886794428,14.590073120710644,25.153800552498307
mid_ross,2026-05-17,Platycephalus spp.,4,-19.28,146.78,Middle,24.171332886794428,14.590073120710644,25.153800552498307
ross_mouth,2026-05-17,Acanthopagrus spp.,4,-19.25,146.83,Marine,24.057291926820756,33.852896924468496,25.619278499644455
ross_mouth,2026-05-17,Lates calcarifer,1,-19.25,146.83,Marine,24.057291926820756,33.852896924468496,25.619278499644455
ross_mouth,2026-05-17,Lutjanus argentimaculatus,0,-19.25,146.83,Marine,24.057291926820756,33.852896924468496,25.619278499644455
ross_mouth,2026-05-17,Platycephalus spp.,5,-19.25,146.83,Marine,24.057291926820756,33.852896924468496,25.619278499644455
upper_ross,2026-05-17,Acanthopagrus spp.,5,-19.31,146.74,Upstream,24.190622238548897,5.040682806311625,25.839381777104396
upper_ross,2026-05-17,Lates calcarifer,10,-19.31,146.74,Upstream,24.190622238548897,5.040682806311625,25.839381777104396
upper_ross,2026-05-17,Lutjanus argentimaculatus,2,-19.31,146.74,Upstream,24.190622238548897,5.040682806311625,25.839381777104396
upper_ross,2026-05-17,Platycephalus spp.,2,-19.31,146.74,Upstream,24.190622238548897,5.040682806311625,25.839381777104396
lower_ross,2026-05-18,Acanthopagrus spp.,4,-19.26,146.81,Downstream,24.32838282661718,27.65589966852805,24.79695152479314
lower_ross,2026-05-18,Lates calcarifer,1,-19.26,146.81,Downstream,24.32838282661718,27.65589966852805,24.79695152479314
lower_ross,2026-05-18,Lutjanus argentimaculatus,2,-19.26,146.81,Downstream,24.32838282661718,27.65589966852805,24.79695152479314
lower_ross,2026-05-18,Platycephalus spp.,3,-19.26,146.81,Downstream,24.32838282661718,27.65589966852805,24.79695152479314
mid_ross,2026-05-18,Acanthopagrus spp.,1,-19.28,146.78,Middle,23.989106080063593,15.106644310104112,24.1602382950433
mid_ross,2026-05-18,Lates calcarifer,1,-19.28,146.78,Middle,23.989106080063593,15.106644310104112,24.1602382950433
mid_ross,2026-05-18,Lutjanus argentimaculatus,3,-19.28,146.78,Middle,23.989106080063593,15.106644310104112,24.1602382950433
mid_ross,2026-05-18,Platycephalus spp.,4,-19.28,146.78,Middle,23.989106080063593,15.106644310104112,24.1602382950433
ross_mouth,2026-05-18,Acanthopagrus spp.,0,-19.25,146.83,Marine,24.023246762252896,34.023857235797934,25.82576759075195
ross_mouth,2026-05-18,Lates calcarifer,2,-19.25,146.83,Marine,24.023246762252896,34.023857235797934,25.82576759075195
ross_mouth,2026-05-18,Lutjanus argentimaculatus,2,-19.25,146.83,Marine,24.023246762252896,34.023857235797934,25.82576759075195
ross_mouth,2026-05-18,Platycephalus spp.,4,-19.25,146.83,Marine,24.023246762252896,34.023857235797934,25.82576759075195
upper_ross,2026-05-18,Acanthopagrus spp.,1,-19.31,146.74,Upstream,23.933709939087862,5.310633277578579,29.59699247230964
upper_ross,2026-05-18,Lates calcarifer,3,-19.31,146.74,Upstream,23.933709939087862,5.310633277578579,29.59699247230964
upper_ross,2026-05-18,Lutjanus argentimaculatus,2,-19.31,146.74,Upstream,23.933709939087862,5.310633277578579,29.59699247230964
upper_ross,2026-05-18,Platycephalus spp.,1,-19.31,146.74,Upstream,23.933709939087862,5.310633277578579,29.59699247230964
lower_ross,2026-05-19,Acanthopagrus spp.,4,-19.26,146.81,Downstream,23.94674887580552,28.222700375011254,25.373375680028964
lower_ross,2026-05-19,Lates calcarifer,1,-19.26,146.81,Downstream,23.94674887580552,28.222700375011254,25.373375680028964
lower_ross,2026-05-19,Lutjanus argentimaculatus,2,-19.26,146.81,Downstream,23.94674887580552,28.222700375011254,25.373375680028964
lower_ross,2026-05-19,Platycephalus spp.,1,-19.26,146.81,Downstream,23.94674887580552,28.222700375011254,25.373375680028964
mid_ross,2026-05-19,Acanthopagrus spp.,0,-19.28,146.78,Middle,24.187580068386577,14.265796804794437,28.406059245543123
mid_ross,2026-05-19,Lates calcarifer,3,-19.28,146.78,Middle,24.187580068386577,14.265796804794437,28.406059245543123
mid_ross,2026-05-19,Lutjanus argentimaculatus,3,-19.28,146.78,Middle,24.187580068386577,14.265796804794437,28.406059245543123
mid_ross,2026-05-19,Platycephalus spp.,1,-19.28,146.78,Middle,24.187580068386577,14.265796804794437,28.406059245543123
ross_mouth,2026-05-19,Acanthopagrus spp.,7,-19.25,146.83,Marine,23.832666323513525,34.03307206234111,26.33513115195217
ross_mouth,2026-05-19,Lates calcarifer,0,-19.25,146.83,Marine,23.832666323513525,34.03307206234111,26.33513115195217
ross_mouth,2026-05-19,Lutjanus argentimaculatus,1,-19.25,146.83,Marine,23.832666323513525,34.03307206234111,26.33513115195217
ross_mouth,2026-05-19,Platycephalus spp.,6,-19.25,146.83,Marine,23.832666323513525,34.03307206234111,26.33513115195217
upper_ross,2026-05-19,Acanthopagrus spp.,2,-19.31,146.74,Upstream,24.094463644638978,5.110463004286526,24.440482733925524
upper_ross,2026-05-19,Lates calcarifer,3,-19.31,146.74,Upstream,24.094463644638978,5.110463004286526,24.440482733925524
upper_ross,2026-05-19,Lutjanus argentimaculatus,1,-19.31,146.74,Upstream,24.094463644638978,5.110463004286526,24.440482733925524
upper_ross,2026-05-19,Platycephalus spp.,1,-19.31,146.74,Upstream,24.094463644638978,5.110463004286526,24.440482733925524
lower_ross,2026-05-20,Acanthopagrus spp.,3,-19.26,146.81,Downstream,23.908173725713574,27.884357964574143,27.478345658361082
lower_ross,2026-05-20,Lates calcarifer,2,-19.26,146.81,Downstream,23.908173725713574,27.884357964574143,27.478345658361082
lower_ross,2026-05-20,Lutjanus argentimaculatus,1,-19.26,146.81,Downstream,23.908173725713574,27.884357964574143,27.478345658361082
lower_ross,2026-05-20,Platycephalus spp.,2,-19.26,146.81,Downstream,23.908173725713574,27.884357964574143,27.478345658361082
mid_ross,2026-05-20,Acanthopagrus spp.,1,-19.28,146.78,Middle,23.873749487811704,15.237257152410258,25.56452899660304
mid_ross,2026-05-20,Lates calcarifer,3,-19.28,146.78,Middle,23.873749487811704,15.237257152410258,25.56452899660304
mid_ross,2026-05-20,Lutjanus argentimaculatus,3,-19.28,146.78,Middle,23.873749487811704,15.237257152410258,25.56452899660304
mid_ross,2026-05-20,Platycephalus spp.,3,-19.28,146.78,Middle,23.873749487811704,15.237257152410258,25.56452899660304
ross_mouth,2026-05-20,Acanthopagrus spp.,0,-19.25,146.83,Marine,23.996775048086345,34.12611270440528,24.417995310012394
ross_mouth,2026-05-20,Lates calcarifer,1,-19.25,146.83,Marine,23.996775048086345,34.12611270440528,24.417995310012394
ross_mouth,2026-05-20,Lutjanus argentimaculatus,2,-19.25,146.83,Marine,23.996775048086345,34.12611270440528,24.417995310012394
ross_mouth,2026-05-20,Platycephalus spp.,7,-19.25,146.83,Marine,23.996775048086345,34.12611270440528,24.417995310012394
upper_ross,2026-05-20,Acanthopagrus spp.,1,-19.31,146.74,Upstream,24.085067832724526,5.1245296741689135,26.198325690475382
upper_ross,2026-05-20,Lates calcarifer,4,-19.31,146.74,Upstream,24.085067832724526,5.1245296741689135,26.198325690475382
upper_ross,2026-05-20,Lutjanus argentimaculatus,2,-19.31,146.74,Upstream,24.085067832724526,5.1245296741689135,26.198325690475382
upper_ross,2026-05-20,Platycephalus spp.,3,-19.31,146.74,Upstream,24.085067832724526,5.1245296741689135,26.198325690475382
lower_ross,2026-05-21,Acanthopagrus spp.,1,-19.26,146.81,Downstream,23.776508238376735,28.160288063655834,25.001400591800515
lower_ross,2026-05-21,Lates calcarifer,0,-19.26,146.81,Downstream,23.776508238376735,28.160288063655834,25.001400591800515
lower_ross,2026-05-21,Lutjanus argentimaculatus,1,-19.26,146.81,Downstream,23.776508238376735,28.160288063655834,25.001400591800515
lower_ross,2026-05-21,Platycephalus spp.,1,-19.26,146.81,Downstream,23.776508238376735,28.160288063655834,25.001400591800515
mid_ross,2026-05-21,Acanthopagrus spp.,0,-19.28,146.78,Middle,23.96132482314796,14.646427629419426,25.754695822968767
mid_ross,2026-05-21,Lates calcarifer,1,-19.28,146.78,Middle,23.96132482314796,14.646427629419426,25.754695822968767
mid_ross,2026-05-21,Lutjanus argentimaculatus,0,-19.28,146.78,Middle,23.96132482314796,14.646427629419426,25.754695822968767
mid_ross,2026-05-21,Platycephalus spp.,4,-19.28,146.78,Middle,23.96132482314796,14.646427629419426,25.754695822968767
ross_mouth,2026-05-21,Acanthopagrus spp.,2,-19.25,146.83,Marine,23.85303494400937,33.93125356985301,25.265623717912998
ross_mouth,2026-05-21,Lates calcarifer,1,-19.25,146.83,Marine,23.85303494400937,33.93125356985301,25.265623717912998
ross_mouth,2026-05-21,Lutjanus argentimaculatus,2,-19.25,146.83,Marine,23.85303494400937,33.93125356985301,25.265623717912998
ross_mouth,2026-05-21,Platycephalus spp.,6,-19.25,146.83,Marine,23.85303494400937,33.93125356985301,25.265623717912998
upper_ross,2026-05-21,Acanthopagrus spp.,5,-19.31,146.74,Upstream,24.155537457699552,4.858176878300381,28.238249400783225
upper_ross,2026-05-21,Lates calcarifer,4,-19.31,146.74,Upstream,24.155537457699552,4.858176878300381,28.238249400783225
upper_ross,2026-05-21,Lutjanus argentimaculatus,2,-19.31,146.74,Upstream,24.155537457699552,4.858176878300381,28.238249400783225
upper_ross,2026-05-21,Platycephalus spp.,3,-19.31,146.74,Upstream,24.155537457699552,4.858176878300381,28.238249400783225
lower_ross,2026-05-22,Acanthopagrus spp.,3,-19.26,146.81,Downstream,24.068289634768327,27.929489075464662,26.49370949980153
lower_ross,2026-05-22,Lates calcarifer,1,-19.26,146.81,Downstream,24.068289634768327,27.929489075464662,26.49370949980153
lower_ross,2026-05-22,Lutjanus argentimaculatus,1,-19.26,146.81,Downstream,24.068289634768327,27.929489075464662,26.49370949980153
lower_ross,2026-05-22,Platycephalus spp.,2,-19.26,146.81,Downstream,24.068289634768327,27.929489075464662,26.49370949980153
mid_ross,2026-05-22,Acanthopagrus spp.,1,-19.28,146.78,Middle,23.9340908529739,14.748287285851493,22.717474882186462
mid_ross,2026-05-22,Lates calcarifer,2,-19.28,146.78,Middle,23.9340908529739,14.748287285851493,22.717474882186462
mid_ross,2026-05-22,Lutjanus argentimaculatus,0,-19.28,146.78,Middle,23.9340908529739,14.748287285851493,22.717474882186462
mid_ross,2026-05-22,Platycephalus spp.,2,-19.28,146.78,Middle,23.9340908529739,14.748287285851493,22.717474882186462
ross_mouth,2026-05-22,Acanthopagrus spp.,3,-19.25,146.83,Marine,23.826895077598934,34.05044189601314,25.353260327682264
ross_mouth,2026-05-22,Lates calcarifer,4,-19.25,146.83,Marine,23.826895077598934,34.05044189601314,25.353260327682264
ross_mouth,2026-05-22,Lutjanus argentimaculatus,1,-19.25,146.83,Marine,23.826895077598934,34.05044189601314,25.353260327682264
ross_mouth,2026-05-22,Platycephalus spp.,4,-19.25,146.83,Marine,23.826895077598934,34.05044189601314,25.353260327682264
upper_ross,2026-05-22,Acanthopagrus spp.,4,-19.31,146.74,Upstream,24.113932390268044,4.616554067732359,23.176903649607834
upper_ross,2026-05-22,Lates calcarifer,5,-19.31,146.74,Upstream,24.113932390268044,4.616554067732359,23.176903649607834
upper_ross,2026-05-22,Lutjanus argentimaculatus,0,-19.31,146.74,Upstream,24.113932390268044,4.616554067732359,23.176903649607834
upper_ross,2026-05-22,Platycephalus spp.,3,-19.31,146.74,Upstream,24.113932390268044,4.616554067732359,23.176903649607834
lower_ross,2026-05-23,Acanthopagrus spp.,1,-19.26,146.81,Downstream,23.83016792530409,28.035283017065318,25.37666098152935
lower_ross,2026-05-23,Lates calcarifer,2,-19.26,146.81,Downstream,23.83016792530409,28.035283017065318,25.37666098152935
lower_ross,2026-05-23,Lutjanus argentimaculatus,3,-19.26,146.81,Downstream,23.83016792530409,28.035283017065318,25.37666098152935
lower_ross,2026-05-23,Platycephalus spp.,1,-19.26,146.81,Downstream,23.83016792530409,28.035283017065318,25.37666098152935
mid_ross,2026-05-23,Acanthopagrus spp.,3,-19.28,146.78,Middle,23.906584055242263,15.386230058410844,25.07525511142756
mid_ross,2026-05-23,Lates calcarifer,3,-19.28,146.78,Middle,23.906584055242263,15.386230058410844,25.07525511142756
mid_ross,2026-05-23,Lutjanus argentimaculatus,2,-19.28,146.78,Middle,23.906584055242263,15.386230058410844,25.07525511142756
mid_ross,2026-05-23,Platycephalus spp.,0,-19.28,146.78,Middle,23.906584055242263,15.386230058410844,25.07525511142756
ross_mouth,2026-05-23,Acanthopagrus spp.,1,-19.25,146.83,Marine,24.25524039999102,33.980984537453,25.929285967579254
ross_mouth,2026-05-23,Lates calcarifer,1,-19.25,146.83,Marine,24.25524039999102,33.980984537453,25.929285967579254
ross_mouth,2026-05-23,Lutjanus argentimaculatus,2,-19.25,146.83,Marine,24.25524039999102,33.980984537453,25.929285967579254
ross_mouth,2026-05-23,Platycephalus spp.,5,-19.25,146.83,Marine,24.25524039999102,33.980984537453,25.929285967579254
upper_ross,2026-05-23,Acanthopagrus spp.,3,-19.31,146.74,Upstream,23.82309138348403,5.140223276104231,26.51953005766381
upper_ross,2026-05-23,Lates calcarifer,5,-19.31,146.74,Upstream,23.82309138348403,5.140223276104231,26.51953005766381
upper_ross,2026-05-23,Lutjanus argentimaculatus,2,-19.31,146.74,Upstream,23.82309138348403,5.140223276104231,26.51953005766381
upper_ross,2026-05-23,Platycephalus spp.,5,-19.31,146.74,Upstream,23.82309138348403,5.140223276104231,26.51953005766381
lower_ross,2026-05-24,Acanthopagrus spp.,0,-19.26,146.81,Downstream,24.14239799904327,28.28462308395766,24.259123201382977
lower_ross,2026-05-24,Lates calcarifer,1,-19.26,146.81,Downstream,24.14239799904327,28.28462308395766,24.259123201382977
lower_ross,2026-05-24,Lutjanus argentimaculatus,0,-19.26,146.81,Downstream,24.14239799904327,28.28462308395766,24.259123201382977
lower_ross,2026-05-24,Platycephalus spp.,3,-19.26,146.81,Downstream,24.14239799904327,28.28462308395766,24.259123201382977
mid_ross,2026-05-24,Acanthopagrus spp.,2,-19.28,146.78,Middle,23.89189252055382,15.4005183333218,26.98318294020307
mid_ross,2026-05-24,Lates calcarifer,1,-19.28,146.78,Middle,23.89189252055382,15.4005183333218,26.98318294020307
mid_ross,2026-05-24,Lutjanus argentimaculatus,2,-19.28,146.78,Middle,23.89189252055382,15.4005183333218,26.98318294020307
mid_ross,2026-05-24,Platycephalus spp.,1,-19.28,146.78,Middle,23.89189252055382,15.4005183333218,26.98318294020307
ross_mouth,2026-05-24,Acanthopagrus spp.,4,-19.25,146.83,Marine,23.817920667237882,34.01301838449456,26.708225593258756
ross_mouth,2026-05-24,Lates calcarifer,1,-19.25,146.83,Marine,23.817920667237882,34.01301838449456,26.708225593258756
ross_mouth,2026-05-24,Lutjanus argentimaculatus,5,-19.25,146.83,Marine,23.817920667237882,34.01301838449456,26.708225593258756
ross_mouth,2026-05-24,Platycephalus spp.,5,-19.25,146.83,Marine,23.817920667237882,34.01301838449456,26.708225593258756
upper_ross,2026-05-24,Acanthopagrus spp.,0,-19.31,146.74,Upstream,24.042478956510838,5.035187133881739,23.443724751019893
upper_ross,2026-05-24,Lates calcarifer,3,-19.31,146.74,Upstream,24.042478956510838,5.035187133881739,23.443724751019893
upper_ross,2026-05-24,Lutjanus argentimaculatus,4,-19.31,146.74,Upstream,24.042478956510838,5.035187133881739,23.443724751019893
upper_ross,2026-05-24,Platycephalus spp.,2,-19.31,146.74,Upstream,24.042478956510838,5.035187133881739,23.443724751019893
lower_ross,2026-05-25,Acanthopagrus spp.,3,-19.26,146.81,Downstream,24.116530387906476,28.8650293040616,25.130310663304083
lower_ross,2026-05-25,Lates calcarifer,2,-19.26,146.81,Downstream,24.116530387906476,28.8650293040616,25.130310663304083
lower_ross,2026-05-25,Lutjanus argentimaculatus,2,-19.26,146.81,Downstream,24.116530387906476,28.8650293040616,25.130310663304083
lower_ross,2026-05-25,Platycephalus spp.,1,-19.26,146.81,Downstream,24.116530387906476,28.8650293040616,25.130310663304083
mid_ross,2026-05-25,Acanthopagrus spp.,4,-19.28,146.78,Middle,24.13278674969542,15.445827202377183,24.96576381084938
mid_ross,2026-05-25,Lates calcarifer,1,-19.28,146.78,Middle,24.13278674969542,15.445827202377183,24.96576381084938
mid_ross,2026-05-25,Lutjanus argentimaculatus,1,-19.28,146.78,Middle,24.13278674969542,15.445827202377183,24.96576381084938
mid_ross,2026-05-25,Platycephalus spp.,0,-19.28,146.78,Middle,24.13278674969542,15.445827202377183,24.96576381084938
ross_mouth,2026-05-25,Acanthopagrus spp.,3,-19.25,146.83,Marine,24.28413349227921,34.02355410298673,24.62367208052166
ross_mouth,2026-05-25,Lates calcarifer,4,-19.25,146.83,Marine,24.28413349227921,34.02355410298673,24.62367208052166
ross_mouth,2026-05-25,Lutjanus argentimaculatus,1,-19.25,146.83,Marine,24.28413349227921,34.02355410298673,24.62367208052166
ross_mouth,2026-05-25,Platycephalus spp.,7,-19.25,146.83,Marine,24.28413349227921,34.02355410298673,24.62367208052166
upper_ross,2026-05-25,Acanthopagrus spp.,1,-19.31,146.74,Upstream,23.97838288443249,5.1145672032382485,24.326521817809688
upper_ross,2026-05-25,Lates calcarifer,6,-19.31,146.74,Upstream,23.97838288443249,5.1145672032382485,24.326521817809688
upper_ross,2026-05-25,Lutjanus argentimaculatus,4,-19.31,146.74,Upstream,23.97838288443249,5.1145672032382485,24.326521817809688
upper_ross,2026-05-25,Platycephalus spp.,5,-19.31,146.74,Upstream,23.97838288443249,5.1145672032382485,24.326521817809688
lower_ross,2026-05-26,Acanthopagrus spp.,0,-19.26,146.81,Downstream,23.96428437254915,28.004352707935183,25.209338435647076
lower_ross,2026-05-26,Lates calcarifer,2,-19.26,146.81,Downstream,23.96428437254915,28.004352707935183,25.209338435647076
lower_ross,2026-05-26,Lutjanus argentimaculatus,1,-19.26,146.81,Downstream,23.96428437254915,28.004352707935183,25.209338435647076
lower_ross,2026-05-26,Platycephalus spp.,2,-19.26,146.81,Downstream,23.96428437254915,28.004352707935183,25.209338435647076
mid_ross,2026-05-26,Acanthopagrus spp.,4,-19.28,146.78,Middle,24.09711436467564,14.414281060083727,28.98765548145267
mid_ross,2026-05-26,Lates calcarifer,3,-19.28,146.78,Middle,24.09711436467564,14.414281060083727,28.98765548145267
mid_ross,2026-05-26,Lutjanus argentimaculatus,3,-19.28,146.78,Middle,24.09711436467564,14.414281060083727,28.98765548145267
mid_ross,2026-05-26,Platycephalus spp.,1,-19.28,146.78,Middle,24.09711436467564,14.414281060083727,28.98765548145267
ross_mouth,2026-05-26,Acanthopagrus spp.,1,-19.25,146.83,Marine,23.932945035029785,33.99903267108698,28.082215104855457
ross_mouth,2026-05-26,Lates calcarifer,5,-19.25,146.83,Marine,23.932945035029785,33.99903267108698,28.082215104855457
ross_mouth,2026-05-26,Lutjanus argentimaculatus,0,-19.25,146.83,Marine,23.932945035029785,33.99903267108698,28.082215104855457
ross_mouth,2026-05-26,Platycephalus spp.,8,-19.25,146.83,Marine,23.932945035029785,33.99903267108698,28.082215104855457
upper_ross,2026-05-26,Acanthopagrus spp.,1,-19.31,146.74,Upstream,24.079264798707662,4.793345263568167,25.069506198920212
upper_ross,2026-05-26,Lates calcarifer,4,-19.31,146.74,Upstream,24.079264798707662,4.793345263568167,25.069506198920212
upper_ross,2026-05-26,Lutjanus argentimaculatus,1,-19.31,146.74,Upstream,24.079264798707662,4.793345263568167,25.069506198920212
upper_ross,2026-05-26,Platycephalus spp.,0,-19.31,146.74,Upstream,24.079264798707662,4.793345263568167,25.069506198920212
lower_ross,2026-05-27,Acanthopagrus spp.,2,-19.26,146.81,Downstream,24.089746547140894,27.773056943097792,26.146492850231496
lower_ross,2026-05-27,Lates calcarifer,3,-19.26,146.81,Downstream,24.089746547140894,27.773056943097792,26.146492850231496
lower_ross,2026-05-27,Lutjanus argentimaculatus,1,-19.26,146.81,Downstream,24.089746547140894,27.773056943097792,26.146492850231496
lower_ross,2026-05-27,Platycephalus spp.,2,-19.26,146.81,Downstream,24.089746547140894,27.773056943097792,26.146492850231496
mid_ross,2026-05-27,Acanthopagrus spp.,4,-19.28,146.78,Middle,23.928806834682476,14.548786041268668,25.643653206903345
mid_ross,2026-05-27,Lates calcarifer,2,-19.28,146.78,Middle,23.928806834682476,14.548786041268668,25.643653206903345
mid_ross,2026-05-27,Lutjanus argentimaculatus,2,-19.28,146.78,Middle,23.928806834682476,14.548786041268668,25.643653206903345
mid_ross,2026-05-27,Platycephalus spp.,0,-19.28,146.78,Middle,23.928806834682476,14.548786041268668,25.643653206903345
ross_mouth,2026-05-27,Acanthopagrus spp.,2,-19.25,146.83,Marine,23.792907818348827,33.93273274343932,25.09710618990939
ross_mouth,2026-05-27,Lates calcarifer,1,-19.25,146.83,Marine,23.792907818348827,33.93273274343932,25.09710618990939
ross_mouth,2026-05-27,Lutjanus argentimaculatus,0,-19.25,146.83,Marine,23.792907818348827,33.93273274343932,25.09710618990939
ross_mouth,2026-05-27,Platycephalus spp.,7,-19.25,146.83,Marine,23.792907818348827,33.93273274343932,25.09710618990939
upper_ross,2026-05-27,Acanthopagrus spp.,2,-19.31,146.74,Upstream,23.899367567076766,4.917929643631086,25.80832057582358
upper_ross,2026-05-27,Lates calcarifer,4,-19.31,146.74,Upstream,23.899367567076766,4.917929643631086,25.80832057582358
upper_ross,2026-05-27,Lutjanus argentimaculatus,1,-19.31,146.74,Upstream,23.899367567076766,4.917929643631086,25.80832057582358
upper_ross,2026-05-27,Platycephalus spp.,0,-19.31,146.74,Upstream,23.899367567076766,4.917929643631086,25.80832057582358
lower_ross,2026-05-28,Acanthopagrus spp.,0,-19.26,146.81,Downstream,24.205480379998768,28.134447880770466,23.970221007684373
lower_ross,2026-05-28,Lates calcarifer,0,-19.26,146.81,Downstream,24.205480379998768,28.134447880770466,23.970221007684373
lower_ross,2026-05-28,Lutjanus argentimaculatus,2,-19.26,146.81,Downstream,24.205480379998768,28.134447880770466,23.970221007684373
lower_ross,2026-05-28,Platycephalus spp.,3,-19.26,146.81,Downstream,24.205480379998768,28.134447880770466,23.970221007684373
mid_ross,2026-05-28,Acanthopagrus spp.,0,-19.28,146.78,Middle,24.184442903004527,14.771247645395984,25.807497734995057
mid_ross,2026-05-28,Lates calcarifer,1,-19.28,146.78,Middle,24.184442903004527,14.771247645395984,25.807497734995057
mid_ross,2026-05-28,Lutjanus argentimaculatus,3,-19.28,146.78,Middle,24.184442903004527,14.771247645395984,25.807497734995057
mid_ross,2026-05-28,Platycephalus spp.,1,-19.28,146.78,Middle,24.184442903004527,14.771247645395984,25.807497734995057
ross_mouth,2026-05-28,Acanthopagrus spp.,6,-19.25,146.83,Marine,23.766779852659898,34.02235531961542,24.15842460151605
ross_mouth,2026-05-28,Lates calcarifer,0,-19.25,146.83,Marine,23.766779852659898,34.02235531961542,24.15842460151605
ross_mouth,2026-05-28,Lutjanus argentimaculatus,2,-19.25,146.83,Marine,23.766779852659898,34.02235531961542,24.15842460151605
ross_mouth,2026-05-28,Platycephalus spp.,5,-19.25,146.83,Marine,23.766779852659898,34.02235531961542,24.15842460151605
upper_ross,2026-05-28,Acanthopagrus spp.,0,-19.31,146.74,Upstream,23.740017476861027,5.033286323369626,25.87266799541087
upper_ross,2026-05-28,Lates calcarifer,3,-19.31,146.74,Upstream,23.740017476861027,5.033286323369626,25.87266799541087
upper_ross,2026-05-28,Lutjanus argentimaculatus,1,-19.31,146.74,Upstream,23.740017476861027,5.033286323369626,25.87266799541087
upper_ross,2026-05-28,Platycephalus spp.,1,-19.31,146.74,Upstream,23.740017476861027,5.033286323369626,25.87266799541087
lower_ross,2026-05-29,Acanthopagrus spp.,2,-19.26,146.81,Downstream,24.18519027091467,27.101187665372326,24.32446766854011
lower_ross,2026-05-29,Lates calcarifer,3,-19.26,146.81,Downstream,24.18519027091467,27.101187665372326,24.32446766854011
lower_ross,2026-05-29,Lutjanus argentimaculatus,1,-19.26,146.81,Downstream,24.18519027091467,27.101187665372326,24.32446766854011
lower_ross,2026-05-29,Platycephalus spp.,3,-19.26,146.81,Downstream,24.18519027091467,27.101187665372326,24.32446766854011
mid_ross,2026-05-29,Acanthopagrus spp.,3,-19.28,146.78,Middle,23.860593597403643,15.500524985832138,25.456696807670717
mid_ross,2026-05-29,Lates calcarifer,4,-19.28,146.78,Middle,23.860593597403643,15.500524985832138,25.456696807670717
mid_ross,2026-05-29,Lutjanus argentimaculatus,1,-19.28,146.78,Middle,23.860593597403643,15.500524985832138,25.456696807670717
mid_ross,2026-05-29,Platycephalus spp.,1,-19.28,146.78,Middle,23.860593597403643,15.500524985832138,25.456696807670717
ross_mouth,2026-05-29,Acanthopagrus spp.,7,-19.25,146.83,Marine,24.032464322766195,34.16731834611233,25.432792907132598
ross_mouth,2026-05-29,Lates calcarifer,1,-19.25,146.83,Marine,24.032464322766195,34.16731834611233,25.432792907132598
ross_mouth,2026-05-29,Lutjanus argentimaculatus,1,-19.25,146.83,Marine,24.032464322766195,34.16731834611233,25.432792907132598
ross_mouth,2026-05-29,Platycephalus spp.,6,-19.25,146.83,Marine,24.032464322766195,34.16731834611233,25.432792907132598
upper_ross,2026-05-29,Acanthopagrus spp.,4,-19.31,146.74,Upstream,24.186713158671793,5.313397769844918,23.438216740287782
upper_ross,2026-05-29,Lates calcarifer,6,-19.31,146.74,Upstream,24.186713158671793,5.313397769844918,23.438216740287782
upper_ross,2026-05-29,Lutjanus argentimaculatus,2,-19.31,146.74,Upstream,24.186713158671793,5.313397769844918,23.438216740287782
upper_ross,2026-05-29,Platycephalus spp.,1,-19.31,146.74,Upstream,24.186713158671793,5.313397769844918,23.438216740287782
lower_ross,2026-05-30,Acanthopagrus spp.,1,-19.26,146.81,Downstream,24.075024894470435,27.4147777706922,25.430811062577853
lower_ross,2026-05-30,Lates calcarifer,0,-19.26,146.81,Downstream,24.075024894470435,27.4147777706922,25.430811062577853
lower_ross,2026-05-30,Lutjanus argentimaculatus,1,-19.26,146.81,Downstream,24.075024894470435,27.4147777706922,25.430811062577853
lower_ross,2026-05-30,Platycephalus spp.,1,-19.26,146.81,Downstream,24.075024894470435,27.4147777706922,25.430811062577853
mid_ross,2026-05-30,Acanthopagrus spp.,6,-19.28,146.78,Middle,24.066734869743193,14.206687282916372,25.670968838476686
mid_ross,2026-05-30,Lates calcarifer,2,-19.28,146.78,Middle,24.066734869743193,14.206687282916372,25.670968838476686
mid_ross,2026-05-30,Lutjanus argentimaculatus,0,-19.28,146.78,Middle,24.066734869743193,14.206687282916372,25.670968838476686
mid_ross,2026-05-30,Platycephalus spp.,1,-19.28,146.78,Middle,24.066734869743193,14.206687282916372,25.670968838476686
ross_mouth,2026-05-30,Acanthopagrus spp.,1,-19.25,146.83,Marine,23.90304691731786,33.98601485678379,24.897328873987618
ross_mouth,2026-05-30,Lates calcarifer,2,-19.25,146.83,Marine,23.90304691731786,33.98601485678379,24.897328873987618
ross_mouth,2026-05-30,Lutjanus argentimaculatus,3,-19.25,146.83,Marine,23.90304691731786,33.98601485678379,24.897328873987618
ross_mouth,2026-05-30,Platycephalus spp.,4,-19.25,146.83,Marine,23.90304691731786,33.98601485678379,24.897328873987618
upper_ross,2026-05-30,Acanthopagrus spp.,2,-19.31,146.74,Upstream,24.010381404577473,4.919844370261769,24.646402971170623
upper_ross,2026-05-30,Lates calcarifer,6,-19.31,146.74,Upstream,24.010381404577473,4.919844370261769,24.646402971170623
upper_ross,2026-05-30,Lutjanus argentimaculatus,1,-19.31,146.74,Upstream,24.010381404577473,4.919844370261769,24.646402971170623
upper_ross,2026-05-30,Platycephalus spp.,2,-19.31,146.74,Upstream,24.010381404577473,4.919844370261769,24.646402971170623
